l2_regularization,learning_rate,max_iter,max_leaf_nodes,min_samples_leaf,mean_fit_time,cv_MAE,cv_MAE_std
4.3379,0.0544,587,16,73,4.6026,226.0944,0.204
0.0048,0.0348,587,103,335,9.6866,226.29,0.1729
0.0216,0.0417,330,36,328,3.8979,226.8515,0.1679
0.1791,0.0729,545,67,359,6.4475,227.212,0.2361
0.244,0.0837,414,89,107,6.6345,227.2251,0.2083
0.0092,0.1447,627,22,54,4.4881,227.3832,0.0647
8.5689,0.0879,684,65,154,7.9894,227.8362,0.2331
0.2951,0.1227,452,122,364,8.9509,230.4433,0.1328
0.0146,0.1227,675,74,290,9.2374,230.5712,0.1646
7.5795,0.204,585,78,296,10.2213,234.5602,0.6398
0.0315,0.2678,306,86,208,5.1305,234.8446,0.4217
0.0667,0.1829,762,122,74,12.3124,235.6305,0.534
